<?xml version="1.0" encoding="UTF-8" standalone="no"?>

<root 
xmlns:xsi="http://www.w3.org/2001/XMLSchema-instance"
xsi:noNamespaceSchemaLocation="example_xml_NW.xsd"
>
    <concept>
        <info id="FN-abandonment-60" name="Abandon" version="1.0" frameNetLink="https://framenet2.icsi.berkeley.edu/fnReports/data/frameIndex.xml?frame=Abandonment"></info>
		<roles>
            <coreRoles>
                <coreRole roleId="agent">Agent</coreRole>
                <coreRole roleId="theme">Theme</coreRole>
            </coreRoles>
            <nonCoreRoles>
                <nonCoreRole>Degree</nonCoreRole>
                <nonCoreRole>Depictive</nonCoreRole>
                <nonCoreRole>Duration</nonCoreRole>
                <nonCoreRole>Explanation</nonCoreRole>
                <nonCoreRole>Manner</nonCoreRole>
                <nonCoreRole>Place</nonCoreRole>
                <nonCoreRole>Time</nonCoreRole>
            </nonCoreRoles>
        </roles>
		<description>An Agent leaves behind a Theme effectively rendering it no longer within their control or of the normal security as one's property.</description>
		<superClasses>
			<class>Object</class>
			<class>Action</class>
		</superClasses>
        <examples>
            <example>We left the soldier behind in the war.</example>
            <example>The building was abandoned.</example>
        </examples>
        <modelling>
			<modellingDef modellingId="FN-abandonment-60-1">
				<nodes>
					<conceptNodes>
						<node nodeId="n0" root="true" name="Action state change" version="1.0" type="action"></node> 
						<node nodeId="n1" name="Control" version="1.0" type="action"></node> 
						<node nodeId="n2" name="Not" version="1.0" type="actionQuantor"></node> 
					</conceptNodes>
					<omittedNodes>
					</omittedNodes>
					<entityNodes>
					</entityNodes>
					<metaoperatorNodes>
					</metaoperatorNodes>
					<pseudoNodes>
						<node nodeId="n3" name="Agent" role="agent"></node> 
						<node nodeId="n4" name="Theme" role="theme"></node> 
					</pseudoNodes>
				</nodes>

				<edges>
					<edge edgeId="e0" from="n0" to="n1" label="before"></edge>
					<edge edgeId="e1" from="n0" to="n2" label="after"></edge>
					<edge edgeId="e2" from="n2" to="n1" label="theme"></edge>
					<edge edgeId="e3" from="n1" to="n3" label="agent"></edge>
					<edge edgeId="e4" from="n1" to="n4" label="theme"></edge>
				</edges>
			</modellingDef>
        </modelling>
    </concept>
	
    <semanticGraphs>
        <semanticGraph graphId="g0">
            <graphInfo media="text" language="en" sourceLink="" modellingPart="true"></graphInfo>
            <modelling>
				<modellingRef modellingIdRef="FN-abandonment-60-1" ></modellingRef>
			</modelling>
        </semanticGraph>
    </semanticGraphs>
	
</root>